motorsportal.at,,se10.biz,at
hellopsy.ch,,find-top-prizes-here.life,ch
venegreen.cl,,se10.biz,cl
11yourtub.co,,ppcnzi.xyz,co
128meto.co,,procnw.xyz,co
128wayt.co,,keecnya.xyz,co
12mapa.co,,ppcnzi.xyz,co
190avnue.co,,keecnya.xyz,co
195zii.co,,cacnka.xyz,co
1gt404.co,,cacnka.xyz,co
1wiiu99.co,,ppcnzi.xyz,co
2165yy.co,,procnw.xyz,co
22tandm.co,,procnw.xyz,co
3723nbc.co,,keecnya.xyz,co
51moeynw.co,,ppcnzi.xyz,co
578syert.co,,ppcnzi.xyz,co
7yi7ti.co,,procnw.xyz,co
91dfppf.co,,keecnya.xyz,co
990yte.co,,cacnka.xyz,co
aaeflmm.co,,procnw.xyz,co
abcbquilts.co,,cacnka.xyz,co
abitareprjct.co,,cacnka.xyz,co
acceptanctgage.co,,procnw.xyz,co
adamsblankie.co,,cacnka.xyz,co
addemrar.co,,procnw.xyz,co
adrnmkenn.co,,procnw.xyz,co
adsdealersrvce.co,,cacnka.xyz,co
adsquke.co,,cacnka.xyz,co
aesntl.co,,keecnya.xyz,co
af088.co,,procnw.xyz,co
aimilai.co,,procnw.xyz,co
airbereak.co,,procnw.xyz,co
ajchevil.co,,cacnka.xyz,co
alacialarbin.co,,cacnka.xyz,co
alanhdfield.co,,cacnka.xyz,co
alatbantupstri.co,,keecnya.xyz,co
albamaactis.co,,cacnka.xyz,co
alc88.co,,procnw.xyz,co
alisingh.co,,ppcnzi.xyz,co
allesc.co,,procnw.xyz,co
alomashms.co,,ppcnzi.xyz,co
ambassaran.co,,ppcnzi.xyz,co
ameridrvice.co,,procnw.xyz,co
amgchanr.co,,cacnka.xyz,co
amplshsh.co,,procnw.xyz,co
angelwingure.co,,procnw.xyz,co
annagiushen.co,,keecnya.xyz,co
ansambelzrgon.co,,keecnya.xyz,co
apasass.co,,procnw.xyz,co
appliedlvittion.co,,cacnka.xyz,co
aquaoxygnae.co,,cacnka.xyz,co
argentsecuritycnslt.co,,cacnka.xyz,co
arizonawateness.co,,cacnka.xyz,co
artaldet.co,,keecnya.xyz,co
arthurleies.co,,cacnka.xyz,co
articlemnia.co,,cacnka.xyz,co
artificistage.co,,keecnya.xyz,co
ase27u.co,,keecnya.xyz,co
aspenutfoundton.co,,cacnka.xyz,co
aspifufu.co,,ppcnzi.xyz,co
austinwife.co,,procnw.xyz,co
authenhops.co,,cacnka.xyz,co
autoblowmchne.co,,cacnka.xyz,co
axsperpy.co,,procnw.xyz,co
b8bney.co,,ppcnzi.xyz,co
baeiloue.co,,cacnka.xyz,co
bagcilasm.co,,keecnya.xyz,co
bahis2022.co,,keecnya.xyz,co
bailliphornay.co,,cacnka.xyz,co
bali3dok.co,,cacnka.xyz,co
bamblist.co,,keecnya.xyz,co
bananarivfishng.co,,cacnka.xyz,co
barcelonanting.co,,procnw.xyz,co
bazookoo.co,,keecnya.xyz,co
beabast.co,,procnw.xyz,co
begonarvs.co,,cacnka.xyz,co
beijngnst.co,,ppcnzi.xyz,co
beijstty.co,,ppcnzi.xyz,co
belleburg.co,,procnw.xyz,co
benrodiin.co,,keecnya.xyz,co
bestwoodcrvng.co,,cacnka.xyz,co
bethtyon.co,,procnw.xyz,co
betteeam.co,,procnw.xyz,co
bforbdectory.co,,cacnka.xyz,co
bhodgsnrva.co,,keecnya.xyz,co
bhotschles.co,,procnw.xyz,co
biabiites.co,,cacnka.xyz,co
bidoonsoon.co,,cacnka.xyz,co
bigappleseeder.co,,cacnka.xyz,co
bigmktu.co,,procnw.xyz,co
biniang.co,,procnw.xyz,co
birtherdebnkers.co,,cacnka.xyz,co
biscontauto.co,,procnw.xyz,co
bkffilerecvry.co,,keecnya.xyz,co
bloccastll.co,,keecnya.xyz,co
bogaziciforrk.co,,keecnya.xyz,co
bolitglva.co,,keecnya.xyz,co
boutiqudlz.co,,ppcnzi.xyz,co
bowislmber.co,,cacnka.xyz,co
bradagna.co,,ppcnzi.xyz,co
brandonvis.co,,keecnya.xyz,co
bravotabld.co,,procnw.xyz,co
brndspt.co,,keecnya.xyz,co
bskaryon.co,,keecnya.xyz,co
btvalleeduloir.co,,cacnka.xyz,co
buchbx.co,,procnw.xyz,co
bujincycy.co,,ppcnzi.xyz,co
buywker.co,,cacnka.xyz,co
bzarnda.co,,procnw.xyz,co
califoestment.co,,cacnka.xyz,co
canafoto.co,,keecnya.xyz,co
catchtwenydu.co,,procnw.xyz,co
cateringbphylls.co,,keecnya.xyz,co
cbaprject.co,,procnw.xyz,co
cdduoyumi.co,,cacnka.xyz,co
celsluus.co,,procnw.xyz,co
cerelys.co,,procnw.xyz,co
cfsksupport.co,,cacnka.xyz,co
chblishing.co,,keecnya.xyz,co
cheerfulprsdent.co,,keecnya.xyz,co
cheshirport.co,,cacnka.xyz,co
chezmoer.co,,procnw.xyz,co
chismhme.co,,cacnka.xyz,co
chriskrnik.co,,cacnka.xyz,co
cinspke.co,,procnw.xyz,co
cisneservices.co,,cacnka.xyz,co
clubduesst.co,,ppcnzi.xyz,co
clubfeeast.co,,ppcnzi.xyz,co
cnkeensr.co,,keecnya.xyz,co
cnyyop.co,,cacnka.xyz,co
collapsosaurrex.co,,cacnka.xyz,co
comfortheaune.co,,cacnka.xyz,co
comist.co,,keecnya.xyz,co
complementsvaiil.co,,cacnka.xyz,co
compresdairpa.co,,cacnka.xyz,co
contmpraryj.co,,procnw.xyz,co
cookcntral.co,,procnw.xyz,co
cookinvdeo.co,,keecnya.xyz,co
corumrld.co,,keecnya.xyz,co
couekid.co,,ppcnzi.xyz,co
cp77903.co,,cacnka.xyz,co
cpanlyzr.co,,ppcnzi.xyz,co
cpanyser.co,,procnw.xyz,co
createdessentls.co,,keecnya.xyz,co
crediasurement.co,,cacnka.xyz,co
crefinadcst.co,,procnw.xyz,co
cristiducci.co,,procnw.xyz,co
croatiadcast.co,,ppcnzi.xyz,co
croaticast.co,,ppcnzi.xyz,co
crossfitortown.co,,cacnka.xyz,co
cryptostmine.co,,keecnya.xyz,co
crystalclrradio.co,,cacnka.xyz,co
cshvie.co,,keecnya.xyz,co
csiofrnce.co,,cacnka.xyz,co
cunnimacn.co,,keecnya.xyz,co
curphotoaphy.co,,procnw.xyz,co
cursactrie.co,,cacnka.xyz,co
cursorcrnr.co,,keecnya.xyz,co
czechfpost.co,,procnw.xyz,co
daddysps.co,,procnw.xyz,co
daisnvn.co,,cacnka.xyz,co
dalinome.co,,ppcnzi.xyz,co
dallasfst.co,,ppcnzi.xyz,co
darumfxx.co,,cacnka.xyz,co
dcscholpod.co,,ppcnzi.xyz,co
debarrca.co,,cacnka.xyz,co
deebaali.xyz,,keecnya.xyz,co
dehlicofcast.co,,keecnya.xyz,co
dehliwicast.co,,keecnya.xyz,co
delhcat.co,,procnw.xyz,co
delhdcas.co,,ppcnzi.xyz,co
delidc.co,,procnw.xyz,co
demedmm.co,,keecnya.xyz,co
desiredconstlltions.co,,keecnya.xyz,co
didamagne.co,,procnw.xyz,co
digitaotine.co,,procnw.xyz,co
dinerpar.co,,procnw.xyz,co
dirprintty.co,,keecnya.xyz,co
dirtyweekenddvnture.co,,cacnka.xyz,co
discousblog.co,,keecnya.xyz,co
distrocntk.co,,cacnka.xyz,co
dmcdmc.co,,cacnka.xyz,co
dmgcago.co,,cacnka.xyz,co
dmhers.co,,procnw.xyz,co
doersdjo.co,,procnw.xyz,co
dogfordogbrnds.co,,cacnka.xyz,co
doghouschrltte.co,,keecnya.xyz,co
dolclna.co,,cacnka.xyz,co
ds70ds.co,,keecnya.xyz,co
dsoftwaepodcs.co,,procnw.xyz,co
dubairyclub.co,,procnw.xyz,co
duhpba.co,,keecnya.xyz,co
dundartor.co,,cacnka.xyz,co
easternkosia.co,,keecnya.xyz,co
econsocietyy.co,,cacnka.xyz,co
ecworkshp.co,,keecnya.xyz,co
eddhee.co,,procnw.xyz,co
eduquerrespec.co,,cacnka.xyz,co
edwardlawrnce.co,,keecnya.xyz,co
egaoshi.co,,cacnka.xyz,co
elcaugfic.co,,cacnka.xyz,co
elevtiodj.co,,procnw.xyz,co
elisatekit.co,,cacnka.xyz,co
elkomsolons.co,,procnw.xyz,co
emertga.co,,keecnya.xyz,co
emiratescoping.co,,procnw.xyz,co
endethod.co,,cacnka.xyz,co
erraztiltza.co,,cacnka.xyz,co
ersutsim.co,,keecnya.xyz,co
essentybses.co,,procnw.xyz,co
everythingsll.co,,cacnka.xyz,co
evolv62.co,,cacnka.xyz,co
ewallacephaphy.co,,cacnka.xyz,co
ewlocatons.co,,cacnka.xyz,co
exctelco.co,,procnw.xyz,co
f5nunu.co,,ppcnzi.xyz,co
fabrizpiclla.co,,cacnka.xyz,co
factoriiz.co,,keecnya.xyz,co
fanaade.co,,keecnya.xyz,co
fatmck.co,,procnw.xyz,co
fatprnr.co,,cacnka.xyz,co
fedexclis.co,,keecnya.xyz,co
fenomendak.co,,ppcnzi.xyz,co
festivalmagickal.co,,cacnka.xyz,co
ffrisi.co,,ppcnzi.xyz,co
fisheriends.co,,procnw.xyz,co
floranth.co,,procnw.xyz,co
fnarflus.co,,cacnka.xyz,co
fodbdydrth.co,,procnw.xyz,co
folkswggn.co,,cacnka.xyz,co
foltolik.co,,cacnka.xyz,co
forumguinurope.co,,cacnka.xyz,co
fotomaedals.co,,keecnya.xyz,co
fotomnk.co,,cacnka.xyz,co
frecksbingandgas.co,,cacnka.xyz,co
freesunn.co,,keecnya.xyz,co
freshdelver.co,,keecnya.xyz,co
funmg.co,,procnw.xyz,co
futureshserves.co,,keecnya.xyz,co
futurisevent.co,,cacnka.xyz,co
gadgetsclnc.co,,keecnya.xyz,co
gaiasam.co,,cacnka.xyz,co
generansfervice.co,,keecnya.xyz,co
geoparquedlruz.co,,cacnka.xyz,co
georg23.co,,procnw.xyz,co
ginafiroa.co,,procnw.xyz,co
gleaglele.co,,cacnka.xyz,co
globadcas.co,,procnw.xyz,co
globlshppghub.co,,keecnya.xyz,co
godakshnn.co,,cacnka.xyz,co
gophrthegrn.co,,ppcnzi.xyz,co
gospel2rmnia.co,,keecnya.xyz,co
graceansors.co,,procnw.xyz,co
greentravelnwanders.co,,keecnya.xyz,co
greenvallrepir.co,,keecnya.xyz,co
gretnbrthren.co,,cacnka.xyz,co
groupcspsp.co,,cacnka.xyz,co
guatelg.co,,cacnka.xyz,co
guillaulles.co,,cacnka.xyz,co
gulnzshp.co,,procnw.xyz,co
h72kkp.co,,ppcnzi.xyz,co
h7h8h9.co,,ppcnzi.xyz,co
habihia.co,,procnw.xyz,co
hangitupheck.co,,cacnka.xyz,co
happyplannhool.co,,cacnka.xyz,co
hargaepoxyjkrta.co,,cacnka.xyz,co
harjojo.co,,keecnya.xyz,co
hdkang.co,,procnw.xyz,co
healthsgay.co,,ppcnzi.xyz,co
heliscience.co,,keecnya.xyz,co
hendrart.co,,ppcnzi.xyz,co
hengfe63.co,,cacnka.xyz,co
highwaysminstries.co,,keecnya.xyz,co
hikartr.co,,cacnka.xyz,co
homeonics.co,,keecnya.xyz,co
houtwormbe.co,,keecnya.xyz,co
howengchi.co,,cacnka.xyz,co
hportersystms.co,,cacnka.xyz,co
hrashed.co,,procnw.xyz,co
hrnylslts.co,,keecnya.xyz,co
htmlfiveold.co,,keecnya.xyz,co
huguesclemnt.co,,cacnka.xyz,co
huongmd365.co,,keecnya.xyz,co
hydrmaket.co,,cacnka.xyz,co
ibizfree.co,,ppcnzi.xyz,co
ibizsadise.co,,keecnya.xyz,co
ieltsikey.co,,procnw.xyz,co
iettion.co,,keecnya.xyz,co
imadhoutu.co,,cacnka.xyz,co
imenomassaetre.co,,ppcnzi.xyz,co
imkerdarf.co,,procnw.xyz,co
imradsdo.co,,procnw.xyz,co
indnriveranimaladvoctes.co,,keecnya.xyz,co
infoibsp.co,,cacnka.xyz,co
ingoesprperties.co,,keecnya.xyz,co
inonepodster.co,,procnw.xyz,co
intelleality.co,,procnw.xyz,co
ipaicoanfund.co,,cacnka.xyz,co
isecqqw.co,,cacnka.xyz,co
itdminin.co,,procnw.xyz,co
janefishrbtanicalart.co,,keecnya.xyz,co
jbcustions.co,,procnw.xyz,co
jeanneoffbks.co,,cacnka.xyz,co
jelajahbmi.co,,keecnya.xyz,co
jerseyshoreins.co,,cacnka.xyz,co
jetxco.co,,procnw.xyz,co
jhnpythn.co,,procnw.xyz,co
jihmypd.co,,procnw.xyz,co
jiuwusyou.co,,ppcnzi.xyz,co
jjminch.co,,keecnya.xyz,co
jmophinc.co,,cacnka.xyz,co
johnnvio.co,,keecnya.xyz,co
jolielper.co,,ppcnzi.xyz,co
josyosoy.co,,keecnya.xyz,co
joykaper.co,,procnw.xyz,co
jusbert.co,,keecnya.xyz,co
jygrapics.co,,keecnya.xyz,co
kadngndem.co,,ppcnzi.xyz,co
kimiewht.co,,cacnka.xyz,co
kintle.co,,procnw.xyz,co
kolotwtu.co,,procnw.xyz,co
koronazino.co,,cacnka.xyz,co
koujipu.co,,procnw.xyz,co
kousokudrve.co,,cacnka.xyz,co
kuboter.co,,keecnya.xyz,co
kuwatean.co,,cacnka.xyz,co
laadle.co,,procnw.xyz,co
lacommandebessau.co,,cacnka.xyz,co
laurenhance.co,,cacnka.xyz,co
lebrainstrm.co,,keecnya.xyz,co
lechklamat.co,,cacnka.xyz,co
ledamara.co,,cacnka.xyz,co
liad211.co,,keecnya.xyz,co
liasophblg.co,,cacnka.xyz,co
lightthewayink.co,,cacnka.xyz,co
lilligrce.co,,cacnka.xyz,co
linbenbb.co,,procnw.xyz,co
linexcorpschrsti.co,,cacnka.xyz,co
literevolmetrice3d.co,,keecnya.xyz,co
localnplurs.co,,procnw.xyz,co
locstylfc.co,,ppcnzi.xyz,co
logicareerp.co,,keecnya.xyz,co
lolafinea.co,,cacnka.xyz,co
lolclothng.co,,keecnya.xyz,co
lombardbg.co,,procnw.xyz,co
lornajodan.co,,keecnya.xyz,co
lovebeads2021.co,,cacnka.xyz,co
loveframesop.co,,keecnya.xyz,co
luenebuuse.co,,ppcnzi.xyz,co
lukoince.co,,procnw.xyz,co
lyjyzl.co,,keecnya.xyz,co
machamexco.co,,cacnka.xyz,co
mainlkpart.co,,cacnka.xyz,co
maitriseconcpt.co,,keecnya.xyz,co
makalpls.co,,procnw.xyz,co
makingnctions.co,,procnw.xyz,co
manilashodc.co,,procnw.xyz,co
mariajesusblzqz.co,,cacnka.xyz,co
marichimdct.co,,procnw.xyz,co
marinersnform.co,,cacnka.xyz,co
marksgld.co,,procnw.xyz,co
martinfll.co,,cacnka.xyz,co
maybedarous.co,,procnw.xyz,co
mcheoch.co,,ppcnzi.xyz,co
mckenziesrvpk.co,,cacnka.xyz,co
mckinzikarts.co,,ppcnzi.xyz,co
mcoarter.co,,cacnka.xyz,co
mcwlaan.co,,procnw.xyz,co
mdscubasw.co,,ppcnzi.xyz,co
mecsnsn.co,,keecnya.xyz,co
meditatioore.co,,procnw.xyz,co
melissalanglyphoto.co,,cacnka.xyz,co
mengenche.co,,procnw.xyz,co
merylsantoptro.co,,cacnka.xyz,co
metallkshor.co,,cacnka.xyz,co
milkhndgifts.co,,cacnka.xyz,co
mobilecator.co,,cacnka.xyz,co
modernpntoring.co,,procnw.xyz,co
moilcae.co,,procnw.xyz,co
monacomtano.co,,procnw.xyz,co
moniquejcb.co,,cacnka.xyz,co
monsterurt.co,,procnw.xyz,co
monterosrl.co,,keecnya.xyz,co
moveweite.co,,keecnya.xyz,co
mrgenerical.co,,cacnka.xyz,co
msbdyco.co,,ppcnzi.xyz,co
multmir.co,,procnw.xyz,co
mvpautrtes.co,,procnw.xyz,co
mwboad.co,,keecnya.xyz,co
myangkare.co,,ppcnzi.xyz,co
mycorkndglss.co,,ppcnzi.xyz,co
mycredisin.co,,procnw.xyz,co
mypagnaje.co,,ppcnzi.xyz,co
mytiko.co,,keecnya.xyz,co
mytrport.co,,ppcnzi.xyz,co
mywordsndwder.co,,cacnka.xyz,co
naij1st.co,,keecnya.xyz,co
neptunnt.co,,cacnka.xyz,co
netsdeer.co,,procnw.xyz,co
netwrldrror.co,,procnw.xyz,co
neubauburg.co,,procnw.xyz,co
newcoasrties.co,,keecnya.xyz,co
newrkur.co,,procnw.xyz,co
newyokcrest.co,,procnw.xyz,co
newyorkhedt.co,,procnw.xyz,co
nextleveeybiz.co,,procnw.xyz,co
nfsfashin.co,,keecnya.xyz,co
nglesivo.co,,keecnya.xyz,co
nnworkspce.co,,cacnka.xyz,co
nonamesrry.co,,cacnka.xyz,co
nourite.co,,cacnka.xyz,co
noxhyderr.co,,procnw.xyz,co
nqwker.co,,ppcnzi.xyz,co
nyomdokok.co,,cacnka.xyz,co
o2cllence.co,,ppcnzi.xyz,co
oakwooddctur.co,,cacnka.xyz,co
oilofleep.co,,procnw.xyz,co
oldtmerfrunde.co,,keecnya.xyz,co
onevendrange.co,,cacnka.xyz,co
onlinrad.co,,keecnya.xyz,co
onnoroopbd.co,,ppcnzi.xyz,co
ontargive.co,,procnw.xyz,co
ophallsen.co,,procnw.xyz,co
optimizeance.co,,ppcnzi.xyz,co
ordinadenkrt.co,,cacnka.xyz,co
originalcrft.co,,cacnka.xyz,co
ourfitnest.co,,procnw.xyz,co
ourplacelchsidelnclden.co,,keecnya.xyz,co
overthereithere.co,,keecnya.xyz,co
owline.co,,procnw.xyz,co
ozdjans.co,,keecnya.xyz,co
p3dxp.co,,cacnka.xyz,co
paffatmpte.co,,keecnya.xyz,co
palapts.co,,procnw.xyz,co
pan5rry.co,,ppcnzi.xyz,co
parisiodst.co,,procnw.xyz,co
parkaas.co,,procnw.xyz,co
parliege.co,,keecnya.xyz,co
patrikbidsong.co,,cacnka.xyz,co
pcmgkkv.co,,keecnya.xyz,co
pearlharborsur.co,,cacnka.xyz,co
petitrygaku.co,,cacnka.xyz,co
pghdhd.co,,procnw.xyz,co
phantmobile.co,,procnw.xyz,co
pinnagement.co,,keecnya.xyz,co
place2reent.co,,keecnya.xyz,co
playprgty.co,,procnw.xyz,co
poemasenelre.co,,cacnka.xyz,co
pokerbstr.co,,procnw.xyz,co
polresmajlengk.co,,cacnka.xyz,co
portatura.co,,ppcnzi.xyz,co
praspremim.co,,procnw.xyz,co
prbhexprts.co,,keecnya.xyz,co
primalglass.co,,cacnka.xyz,co
primariogy.co,,procnw.xyz,co
printfinshingstre.co,,keecnya.xyz,co
probeballat.co,,procnw.xyz,co
projecthoplter.co,,cacnka.xyz,co
promemhipsite.co,,cacnka.xyz,co
promndes.co,,procnw.xyz,co
psoriasveda.co,,keecnya.xyz,co
putneyfamilysrvces.co,,cacnka.xyz,co
qibinquzang.co,,procnw.xyz,co
qqmaovike.co,,keecnya.xyz,co
quaaliean219.co,,procnw.xyz,co
quadriumk.co,,keecnya.xyz,co
qualidogs.co,,procnw.xyz,co
quinellmsic.co,,cacnka.xyz,co
radokni.co,,procnw.xyz,co
raincolops.co,,procnw.xyz,co
rajasthantrism.co,,procnw.xyz,co
rakurakulf.co,,keecnya.xyz,co
redbokbl.co,,keecnya.xyz,co
reitedngdom.co,,keecnya.xyz,co
relationshgrce.co,,cacnka.xyz,co
relaxbeatrt.co,,keecnya.xyz,co
remebbe.co,,keecnya.xyz,co
renates.co,,procnw.xyz,co
renaultpassonxperience.co,,cacnka.xyz,co
replidelujo.co,,keecnya.xyz,co
reportry.co,,keecnya.xyz,co
retiylife.co,,keecnya.xyz,co
retrplusapp.co,,cacnka.xyz,co
rhatsmymage.co,,procnw.xyz,co
ricarhouse.co,,keecnya.xyz,co
rivageruse.co,,procnw.xyz,co
riverones.co,,procnw.xyz,co
rmbngoold.co,,keecnya.xyz,co
rmsptter.co,,keecnya.xyz,co
robnjk.co,,procnw.xyz,co
robobos.co,,keecnya.xyz,co
rohstgel.co,,procnw.xyz,co
rosarizi.co,,keecnya.xyz,co
roundateri.co,,keecnya.xyz,co
rradioer.co,,keecnya.xyz,co
rstlnrok.co,,procnw.xyz,co
rtspcelty.co,,procnw.xyz,co
ruiouwir.co,,ppcnzi.xyz,co
rularse.co,,procnw.xyz,co
ryderftv.co,,ppcnzi.xyz,co
s1shpp.co,,procnw.xyz,co
sabelrca.co,,keecnya.xyz,co
safdtechgy.co,,keecnya.xyz,co
saikweb.co,,procnw.xyz,co
saloidant.co,,procnw.xyz,co
sambamusst.co,,procnw.xyz,co
sancakltiv.co,,procnw.xyz,co
scrapyarough.co,,procnw.xyz,co
sdec18.co,,cacnka.xyz,co
seanmrse.co,,cacnka.xyz,co
searrtal.co,,procnw.xyz,co
sennispodcst.co,,ppcnzi.xyz,co
sensoreimages.co,,cacnka.xyz,co
seortpa.co,,procnw.xyz,co
sfglfpodcs.co,,ppcnzi.xyz,co
sfnewsst.co,,ppcnzi.xyz,co
sfpartmentt.co,,procnw.xyz,co
sfshppinast.co,,ppcnzi.xyz,co
shannkffects.co,,cacnka.xyz,co
shauyess.co,,cacnka.xyz,co
shemalepo.co,,keecnya.xyz,co
shenlddq.co,,procnw.xyz,co
shorelinecrtons.co,,keecnya.xyz,co
sichereben.co,,procnw.xyz,co
sidecrance.co,,procnw.xyz,co
silconvallst.co,,keecnya.xyz,co
silicolleymst.co,,ppcnzi.xyz,co
siliconvst.co,,ppcnzi.xyz,co
silicorantst.co,,procnw.xyz,co
simpleue.co,,ppcnzi.xyz,co
simulatiide.co,,procnw.xyz,co
singacast.co,,ppcnzi.xyz,co
singaepodcst.co,,ppcnzi.xyz,co
singalosicpot.co,,procnw.xyz,co
sionvalleyst.co,,ppcnzi.xyz,co
siraortsu.co,,cacnka.xyz,co
sjysjy78.co,,procnw.xyz,co
skenxqxq.co,,procnw.xyz,co
skippineltd.co,,cacnka.xyz,co
sksmokkng.co,,cacnka.xyz,co
skystormsbks.co,,cacnka.xyz,co
skyussuy.co,,procnw.xyz,co
slcukkafe.co,,keecnya.xyz,co
smallmediumlarge.co,,subzero6969.site,co
smileademi.co,,procnw.xyz,co
smplyguz.co,,procnw.xyz,co
smyohoh.co,,procnw.xyz,co
snorkelos.co,,procnw.xyz,co
solarthrmx.co,,keecnya.xyz,co
soonersikc.co,,ppcnzi.xyz,co
sosesabeilles.co,,cacnka.xyz,co
souxxw.co,,procnw.xyz,co
specialintre.co,,procnw.xyz,co
spiritsolons.co,,ppcnzi.xyz,co
sportsclsity.co,,ppcnzi.xyz,co
sportsems.co,,ppcnzi.xyz,co
standrwslt.co,,cacnka.xyz,co
startery.co,,keecnya.xyz,co
startunvas.co,,ppcnzi.xyz,co
stendon.co,,procnw.xyz,co
storeoncpts.co,,keecnya.xyz,co
stpciip.co,,keecnya.xyz,co
striveconfrnce.co,,cacnka.xyz,co
stud9dz.co,,ppcnzi.xyz,co
studiocavas.co,,cacnka.xyz,co
studiotwlv.co,,ppcnzi.xyz,co
studyfoation.co,,cacnka.xyz,co
suahnthp.co,,cacnka.xyz,co
subslculator.co,,ppcnzi.xyz,co
sudostcks.co,,procnw.xyz,co
sufflkmri.co,,ppcnzi.xyz,co
sunburstkrea.co,,keecnya.xyz,co
suncottwn.co,,ppcnzi.xyz,co
sunterramketing.co,,keecnya.xyz,co
suomenut.co,,ppcnzi.xyz,co
suonci.co,,procnw.xyz,co
swissdasta.co,,keecnya.xyz,co
swordfist.co,,ppcnzi.xyz,co
sxflts.co,,procnw.xyz,co
syrugbypt.co,,procnw.xyz,co
szshuan.co,,procnw.xyz,co
tacoscheuizen.co,,procnw.xyz,co
taiyoukotori.co,,procnw.xyz,co
tamiloprk.co,,cacnka.xyz,co
tanhoangrou.co,,ppcnzi.xyz,co
taperdtee.co,,keecnya.xyz,co
tauklar.co,,procnw.xyz,co
taytosss.co,,keecnya.xyz,co
techgerdv.co,,cacnka.xyz,co
tedwardgl.co,,cacnka.xyz,co
tekitmem.co,,no redirection,co
temedtns.co,,cacnka.xyz,co
terrainal.co,,procnw.xyz,co
testdomg.co,,procnw.xyz,co
textlnker.co,,keecnya.xyz,co
texttiile.co,,keecnya.xyz,co
tfb7fff.co,,ppcnzi.xyz,co
thebowrin.co,,keecnya.xyz,co
thedesigver.co,,ppcnzi.xyz,co
thedncba.co,,ppcnzi.xyz,co
thegardncty.co,,keecnya.xyz,co
thegreenmnki.co,,cacnka.xyz,co
thejewelsry.co,,keecnya.xyz,co
therivalpts.co,,cacnka.xyz,co
thetalkingndan.co,,cacnka.xyz,co
thoemilumen.co,,cacnka.xyz,co
thotography.co,,keecnya.xyz,co
threournedle.co,,keecnya.xyz,co
tighdies.co,,keecnya.xyz,co
tisher98.co,,procnw.xyz,co
titanhde.co,,procnw.xyz,co
tiwyyyse.co,,procnw.xyz,co
tnkertwne.co,,keecnya.xyz,co
tochkaag.co,,keecnya.xyz,co
toebcams.co,,keecnya.xyz,co
tokyospspodcst.co,,keecnya.xyz,co
tokyotrodcast.co,,ppcnzi.xyz,co
tokyovast.co,,ppcnzi.xyz,co
tonymcveystudts.co,,cacnka.xyz,co
toscablyn.co,,cacnka.xyz,co
toukmankn.co,,cacnka.xyz,co
toyotsansn.co,,cacnka.xyz,co
traditruth.co,,keecnya.xyz,co
translcid.co,,keecnya.xyz,co
traveltml.co,,ppcnzi.xyz,co
treatu1.co,,ppcnzi.xyz,co
trinhtgoc.co,,ppcnzi.xyz,co
triplecsingrnge.co,,cacnka.xyz,co
tropveter.co,,cacnka.xyz,co
tscars.co,,procnw.xyz,co
tsukaiend.co,,procnw.xyz,co
tubulrwine.co,,keecnya.xyz,co
ubcablx.co,,keecnya.xyz,co
ubesxshw.co,,procnw.xyz,co
ulm257.co,,cacnka.xyz,co
undiawstudio.co,,keecnya.xyz,co
uniquefassories.co,,procnw.xyz,co
unlimitedzone.co,,keecnya.xyz,co
unrealtrtes.co,,ppcnzi.xyz,co
upicksles.co,,keecnya.xyz,co
usinsengmi.co,,cacnka.xyz,co
usistration.co,,ppcnzi.xyz,co
ussvalkyre.co,,cacnka.xyz,co
uyenemnh.co,,cacnka.xyz,co
vaehall.co,,keecnya.xyz,co
vancentals.co,,keecnya.xyz,co
velocing.co,,keecnya.xyz,co
vemlktre.co,,procnw.xyz,co
veryngeran.co,,keecnya.xyz,co
vidvuder.co,,cacnka.xyz,co
viennhotelta.co,,keecnya.xyz,co
vilobimagcs.co,,keecnya.xyz,co
viniskeri.co,,procnw.xyz,co
vinomehn.co,,procnw.xyz,co
visageple.co,,keecnya.xyz,co
vistahuts.co,,cacnka.xyz,co
wagntaifast.co,,procnw.xyz,co
wallpaperspt.co,,cacnka.xyz,co
wandafld.co,,procnw.xyz,co
wason21.co,,keecnya.xyz,co
webtoidoi.co,,cacnka.xyz,co
werkthewb.co,,cacnka.xyz,co
wewnthre.co,,procnw.xyz,co
wildandalverganics.co,,cacnka.xyz,co
winterhts.co,,procnw.xyz,co
womenwhot.co,,procnw.xyz,co
woodgaller295.co,,cacnka.xyz,co
wxhthtk.co,,procnw.xyz,co
xboxspk.co,,cacnka.xyz,co
xmkk113.co,,procnw.xyz,co
yab168.co,,procnw.xyz,co
yakuet99.co,,cacnka.xyz,co
yalovaisi.co,,procnw.xyz,co
yjtubekk.co,,cacnka.xyz,co
youloseatr.co,,keecnya.xyz,co
yourothleftcomic.co,,cacnka.xyz,co
yourptore.co,,keecnya.xyz,co
yourtuyt.co,,procnw.xyz,co
zafesiye.co,,keecnya.xyz,co
zfyijc.co,,mybetterck.com,co
zingtein.co,,keecnya.xyz,co
lloydsschoolofdriving.co.uk,,se10.biz,co.uk
aromes-sens.com,,se10.biz,com
raw2022.com,,se10.biz,com
smart-gamma.com,,obeysatman.com,com
barberiaavila.es,,se10.biz,es
dmartbeautymicropigmentacion.es,,se10.biz,es
doctoratorresandrade.es,,highsendwest.top,es
fernandokuaresmapeluqueriaymoda.es,,se10.biz,es
hoteltrans.eu,,se10.biz,es
japanbignew.es,,se10.biz,es
lookbeautyoropesa.es,,se10.biz,es
peluqueriasuarez.es,,se10.biz,es
fotomagisch.eu,,se10.biz,eu
studio-parquet-paris.eu,,se10.biz,eu
autempsdelarose.fr,,se10.biz,fr
duchatelet-paysage.fr,,se10.biz,fr
lefebvre-traiteur-76.fr,,se10.biz,fr
newheel.fr,,selfelementcow.top,fr
arlib.gb.net,,qabayz.site,gb.net
baz.gb.net,,se10.biz,gb.net
heyfiles.gb.net,,qabayz.site,gb.net
jp1.gb.net,,se10.biz,gb.net
mip.gb.net,,se10.biz,gb.net
morefiles.gb.net,,qabayz.site,gb.net
myq.gb.net,,se10.biz,gb.net
a2022.in.net,,se10.biz,in.net
faf.in.net,,se10.biz,in.net
japanbooks.in.net,,se10.biz,in.net
jpmanga.in.net,,se10.biz,in.net
lfm.in.net,,se10.biz,in.net
mangazip.in.net,,se10.biz,in.net
ryg.in.net,,se10.biz,in.net
alde.jp.net,,se10.biz,jp.net
blackline.jp.net,,se10.biz,jp.net
channel.jp.net,,se10.biz,jp.net
charm.jp.net,,se10.biz,jp.net
cleanup.jp.net,,se10.biz,jp.net
cynar.jp.net,,se10.biz,jp.net
denshishoseki.jp.net,,se10.biz,jp.net
em-goldex.jp.net,,se10.biz,jp.net
e-mono.jp.net,,se10.biz,jp.net
freek.jp.net,,se10.biz,jp.net
harmonic.jp.net,,se10.biz,jp.net
has.jp.net,,se10.biz,jp.net
jack-in-the-box.jp.net,,se10.biz,jp.net
lino.jp.net,,se10.biz,jp.net
mentaltraining.jp.net,,se10.biz,jp.net
orchestra.jp.net,,se10.biz,jp.net
qiq.jp.net,,se10.biz,jp.net
rapture.jp.net,,se10.biz,jp.net
sanookmark-ethnic.jp.net,,se10.biz,jp.net
skirt.jp.net,,se10.biz,jp.net
tellus.jp.net,,se10.biz,jp.net
toto.jp.net,,se10.biz,jp.net
watermelon.jp.net,,se10.biz,jp.net
whats.jp.net,,se10.biz,jp.net
yakyu.jp.net,,se10.biz,jp.net
adabkde.me,,procnw.xyz,me
adrianlacamp.me,,ppcnzi.xyz,me
andysebastian.me,,ppcnzi.xyz,me
antleblanc.me,,ppcnzi.xyz,me
appolice.me,,ppcnzi.xyz,me
artexchange.me,,ppcnzi.xyz,me
artport.me,,ppcnzi.xyz,me
aspecialsomething.me,,ppcnzi.xyz,me
atcoine.me,,himixz.xyz,me
athlet.me,,ppcnzi.xyz,me
azert.me,,ppcnzi.xyz,me
barjazz.me,,ppcnzi.xyz,me
bkucukguzel.me,,ppcnzi.xyz,me
brigitte-steinmann.me,,ppcnzi.xyz,me
buuchau-chau.me,,ppcnzi.xyz,me
cathybreenforstatesenate.me,,ppcnzi.xyz,me
ccwl.me,,ppcnzi.xyz,me
charlesdowdy.me,,ppcnzi.xyz,me
chenzhekl.me,,ppcnzi.xyz,me
chisoku.me,,ppcnzi.xyz,me
chrismoore.me,,ppcnzi.xyz,me
cloudtree.me,,ppcnzi.xyz,me
cnap.me,,ppcnzi.xyz,me
codepsngratuit.me,,ppcnzi.xyz,me
daoyu.me,,ppcnzi.xyz,me
daylilies.me,,ppcnzi.xyz,me
debugg.me,,ppcnzi.xyz,me
defedu.me,,ppcnzi.xyz,me
dongfeng.me,,ppcnzi.xyz,me
dradio.me,,ppcnzi.xyz,me
drshui.me,,ppcnzi.xyz,me
duncaninvestigation.me,,ppcnzi.xyz,me
ecofuel.me,,ppcnzi.xyz,me
elephoto.me,,ppcnzi.xyz,me
elodie-bisson.me,,ppcnzi.xyz,me
enercell.me,,ppcnzi.xyz,me
explcky.me,,keecnya.xyz,me
fitkat.me,,ppcnzi.xyz,me
fmcafe.me,,ppcnzi.xyz,me
glitchi.me,,ppcnzi.xyz,me
grosshaendler.me,,ppcnzi.xyz,me
gustavoblanco.me,,ppcnzi.xyz,me
halongbaytour.me,,ppcnzi.xyz,me
handbasie.me,,keecnya.xyz,me
hanhuang.me,,ppcnzi.xyz,me
ilovecss.me,,ppcnzi.xyz,me
irual.me,,ppcnzi.xyz,me
izhato.me,,himixz.xyz,me
izmoroz.me,,ppcnzi.xyz,me
januaryprivilege.me,,ppcnzi.xyz,me
jdbar.me,,ppcnzi.xyz,me
jinzhan.me,,ppcnzi.xyz,me
johanverstraete.me,,ppcnzi.xyz,me
johnhaydon.me,,ppcnzi.xyz,me
julieparker.me,,ppcnzi.xyz,me
karinridgers.me,,ppcnzi.xyz,me
khushrajrathod.me,,ppcnzi.xyz,me
kojin.me,,ppcnzi.xyz,me
ks-photo.me,,ppcnzi.xyz,me
lauranesaliou.me,,ppcnzi.xyz,me
lefouduroi.me,,ppcnzi.xyz,me
leps.me,,ppcnzi.xyz,me
lijiong.me,,ppcnzi.xyz,me
lisolachece.me,,ppcnzi.xyz,me
lorettaherrington.me,,ppcnzi.xyz,me
louiseimagine.me,,ppcnzi.xyz,me
lubos.me,,ppcnzi.xyz,me
malua.me,,ppcnzi.xyz,me
mariposadesigns.me,,ppcnzi.xyz,me
mathieucroset.me,,ppcnzi.xyz,me
mattlambert.me,,ppcnzi.xyz,me
mattleffler.me,,ppcnzi.xyz,me
mdsuljara.me,,ppcnzi.xyz,me
meriambousselmi.me,,ppcnzi.xyz,me
micanopage.me,,ppcnzi.xyz,me
mikeonslow.me,,ppcnzi.xyz,me
missxhuzi.me,,ppcnzi.xyz,me
mitenand.me,,ppcnzi.xyz,me
mojodmor.me,,ppcnzi.xyz,me
motics.me,,ppcnzi.xyz,me
mydarling.me,,ppcnzi.xyz,me
naijapams.me,,ppcnzi.xyz,me
natashahoare.me,,ppcnzi.xyz,me
neovid.me,,ppcnzi.xyz,me
newnortheast.me,,ppcnzi.xyz,me
nordahl.me,,ppcnzi.xyz,me
notmyfirstrodeoblog.me,,ppcnzi.xyz,me
omarwraikat.me,,ppcnzi.xyz,me
omura.me,,ppcnzi.xyz,me
onehumanfamily.me,,ppcnzi.xyz,me
osamu.me,,ppcnzi.xyz,me
paulaspalette.me,,ppcnzi.xyz,me
philwoods.me,,ppcnzi.xyz,me
pinneng.me,,ppcnzi.xyz,me
pizzeriaitalia.me,,ppcnzi.xyz,me
playmisty4.me,,ppcnzi.xyz,me
privod.me,,ppcnzi.xyz,me
prosmile.me,,ppcnzi.xyz,me
pudish.me,,ppcnzi.xyz,me
puteri.me,,ppcnzi.xyz,me
qtlil.me,,ppcnzi.xyz,me
rachelay.me,,ppcnzi.xyz,me
rantasa.me,,ppcnzi.xyz,me
reinigungsmittel.me,,ppcnzi.xyz,me
rogerwolfson.me,,ppcnzi.xyz,me
ronia.me,,ppcnzi.xyz,me
ruralredoubt.me,,ppcnzi.xyz,me
salrodriguez.me,,ppcnzi.xyz,me
sauerduels.me,,ppcnzi.xyz,me
simonarcher.me,,ppcnzi.xyz,me
slobodapatient.me,,ppcnzi.xyz,me
smittenevents.me,,ppcnzi.xyz,me
stroyka.me,,ppcnzi.xyz,me
taichiworks.me,,ppcnzi.xyz,me
thecrownvics.me,,ppcnzi.xyz,me
thelazy.me,,ppcnzi.xyz,me
therevolutionchurch.me,,ppcnzi.xyz,me
toddringler.me,,ppcnzi.xyz,me
touchgroup.me,,ppcnzi.xyz,me
trsl.me,,ppcnzi.xyz,me
unsereins.me,,ppcnzi.xyz,me
vonline.me,,ppcnzi.xyz,me
xianjin.me,,ppcnzi.xyz,me
xunying.me,,ppcnzi.xyz,me
yangxiao.me,,ppcnzi.xyz,me
yuuan.me,,ppcnzi.xyz,me
zhewang.me,,ppcnzi.xyz,me
toversalon.nl,,se10.biz,nl
apartamenty-brzeznicka.pl,,se10.biz,pl
zwracaprowizje.pl,,se10.biz,pl
faf.plus,,se10.biz,plus
4surgery.ru,,find-top-prizes-here.life,ru
banksovetnik-saratov.ru,,file-sharing2022.xyz,ru
cifrogid.ru,,file-sharing2022.xyz,ru
english-tut.ru,,agreebetteriron.top,ru
er-omsk.ru,,rangegunbroad.top,ru
fishday-vrn.ru,,wherechargefresh.top,ru
fotogammi.ru,,file-sharing2022.xyz,ru
fromagency.ru,,file-sharing2022.xyz,ru
go-coppola.ru,,listensomebodysafe.top,ru
igbt-modules.ru,,agreebetteriron.top,ru
lerw.ru,,file-sharing2022.xyz,ru
marisabotanica.ru,,choosewidethus.top,ru
melodiya-stilya.ru,,find-top-prizes-here.life,ru
persiya-kafe.ru,,find-top-prizes-here.life,ru
print-gs.ru,,file-sharing2022.xyz,ru
sdr73.ru,,find-top-prizes-here.life,ru
tati-tatis.ru,,gamesowhose.top,ru
uk-arkada.ru,,provestringremember.top,ru
subzero6969.site,,theironnews.site,site
amesburytownband.co.uk,,se10.biz,uk
natrajstre.xyz,,keecnya.xyz,xyz
snvialla.xyz,,keecnya.xyz,xyz
testrubwant.xyz,,weartradefamous.xyz,xyz
trkcwlk.xyz,,keecnya.xyz,xyz
weartradefamous.xyz,,,xyz
zoomftolk.xyz,,keecnya.xyz,xyz
